Nummerierung,Kapitelname,Arbeitsabschnitt,Überkapitel,content,cite
2.0,Vergleich der größten Cloud Anbieter,hauptteil,1,,
2.1,Marktanteile und Wachstum,hauptteil,0,"### 2.1 Marktanteile und Wachstum  

Die Landschaft des Cloud Computing wird zunehmend durch die Dominanz großer Anbieter geprägt, wobei Amazon Web Services (AWS), Microsoft Azure, Google Cloud Platform (GCP) und IBM Cloud die marktbestimmenden Akteure darstellen. Diese Anbieter zeichnen sich durch ihre umfangreiche Reihe an Cloud-Diensten sowie eine global skalierbare Infrastruktur aus. 

Amazon Web Services (AWS) ist der unbestrittene Marktführer im Cloud Computing. AWS bietet die größte Auswahl an Cloud-Diensten und profitiert von einer globalen Infrastruktur, die es ihm ermöglicht, eine breite Kundenbasis zu bedienen, die von Startups über kleine und mittlere Unternehmen (KMUs) bis hin zu Großunternehmen reicht. Das stetige Wachstum von AWS ist ein klarer Indikator für die zunehmende Akzeptanz von Cloud-Technologien [1]. Die Vielseitigkeit und Flexibilität von AWS zieht Unternehmen an, die ihre IT-Ressourcen dynamisch skalieren und anpassen möchten.

Microsoft Azure hat sich als eine der führenden Public-Cloud-Plattformen etabliert, insbesondere durch die nahtlose Integration in die Microsoft-Produktpalette. Azure bietet nicht nur eine Vielzahl von Cloud-Diensten an, sondern hat auch eine globale Infrastruktur mit Rechenzentren auf allen Kontinenten, die es der Plattform ermöglicht, eine hohe Verfügbarkeit und Leistung zu garantieren. Diese Eigenschaften sind besonders attraktiv für Unternehmen, die stark auf Microsoft-Technologien angewiesen sind. Der kontinuierliche Zuwachs an Kunden und der Ausbau von Azure-Diensten unterstreichen das Wachstum dieser Plattform in der Cloud-Branche [2].

Die Google Cloud Platform (GCP) hat sich einen Namen gemacht durch ihre innovativen Lösungen im Bereich der Datenanalyse und künstlichen Intelligenz. GCP nutzt dieselbe Infrastruktur, die auch für die hauseigenen Google-Dienste genutzt wird, was eine hohe Skalierbarkeit und globale Verfügbarkeit gewährleistet. Diese Plattform zieht zunehmend Unternehmen an, die auf fortgeschrittene Datenanalyse- und Machine-Learning-Techniken setzen. Das signifikante Wachstum von GCP zeigt, dass immer mehr Unternehmen die Vorteile von Daten-getriebenen Entscheidungen erkennen und adaptieren [3]. 

Darüber hinaus bietet die IBM Cloud eine vielseitige Kombination aus Public-, Private- und Hybrid-Cloud-Lösungen. Besonders hervorzuheben ist der starke Fokus von IBM auf Sicherheit und branchenspezifische Anwendungen, die für Unternehmen mit hohen Anforderungen an Datenschutz und Compliance besonders relevant sind. Das ansteigende Interesse an IBM Cloud-Lösungen signalisiert ein wachsendes Bewusstsein für die Notwendigkeit aktueller Sicherheitsstandards in der Cloud, was ihre Marktposition weiter festigt [4].

Zusammenfassend lässt sich feststellen, dass die Marktanteile und das Wachstum dieser Cloud-Anbieter nicht nur von den umfangreichen Dienstleistungsangeboten und der globalen Infrastruktur abhängen, sondern auch von der Fähigkeit, sich an die spezifischen Bedürfnisse der Unternehmen anzupassen. AWS bleibt dominierend, gefolgt von Azure und GCP, während IBM Cloud durch ihren niche-orientierten Ansatz zunehmend an Bedeutung gewinnt. 

Die genannten Aspekte deuten darauf hin, dass der Cloud-Markt weiterhin ein dynamisches und schnell wachsendes Umfeld darstellt, in dem Innovationskraft, Sicherheit und Anpassungsfähigkeit entscheidend für den Erfolg der Anbieter sind.

Literaturverweise:
[1] Amazon Web Services (AWS) Marktanteil und Wachstum.  
[2] Microsoft Azure und das Wachstumspotential.  
[3] Google Cloud Platform: Lösungen zur Datenanalyse und künstlicher Intelligenz.  
[4] IBM Cloud: Sicherheit und branchenspezifische Anwendungen.","[(0, 'AWS.md'), (1, 'Azure.md'), (2, 'Google.md'), (3, 'IBM.md')]"
2.2,Technologien und Innovationen,hauptteil,0,"## 2.2 Technologien und Innovationen

In der heutigen Cloud-Computing-Landschaft spielen Technologien und Innovationen eine entscheidende Rolle für die Wettbewerbsfähigkeit der Anbieter und die Zufriedenheit der Nutzer. Die wichtigsten Cloud-Anbieter haben in den letzten Jahren signifikante Fortschritte gemacht und unterschiedliche Technologien eingeführt, um den sich wandelnden Anforderungen der Unternehmen gerecht zu werden.

### Amazon Web Services (AWS)

Als Marktführer im Cloud Computing bietet Amazon Web Services (AWS) eine breite Palette von Services, die eine hohe Flexibilität und Anpassungsfähigkeit gewährleisten. AWS ist insbesondere bekannt für seine Innovationsführerschaft im Bereich neuer Technologien. Ein herausragendes Beispiel hierfür ist das Konzept des Serverless Computing, das durch den Dienst AWS Lambda ermöglicht wird. Dieser Service erlaubt es Entwicklern, Code auszuführen, ohne Server manuell verwalten zu müssen, was eine erhebliche Erleichterung und Kostensenkung bei der Entwicklung und Bereitstellung von Anwendungen darstellt. Zudem profitiert AWS von einer starken Community und einer umfangreichen Dokumentation, die den Nutzern hilft, die zahlreichen Funktionen effektiv zu nutzen [1].

### Microsoft Azure

Microsoft Azure ist ein weiterer bedeutender Akteur im Cloud-Markt, der eine umfassende Palette an Diensten in den Modellen IaaS, PaaS und SaaS anbietet. Die nahtlose Integration von Azure in Microsoft-Produkte wie Office 365 und Dynamics ermöglicht Unternehmen einen reibungslosen Übergang und die Nutzung bestehender Softwarelösungen in der Cloud. Darüber hinaus bietet Microsoft flexible Preismodelle, die auf die unterschiedlichen Bedürfnisse von Unternehmen abgestimmt sind. Die globale Infrastruktur von Azure mit Rechenzentren auf allen Kontinenten unterstützt Unternehmen dabei, ihre Anwendungen nahezu überall bereitzustellen und zu skalieren, was Azure zu einer favorisierten Wahl für viele internationale Firmen macht [2].

### IBM Cloud

Die IBM Cloud zeichnet sich durch eine Kombination aus Public-, Private- und Hybrid-Cloud-Lösungen aus, wodurch Unternehmen maßgeschneiderte Dienste je nach Bedarf erhalten können. Ein technologische Stärke IBM Clouds sind die fortschrittlichen KI-Lösungen, die durch IBM Watson unterstützt werden. Diese KI-Funktionalitäten ermöglichen es Unternehmen, ihre Daten besser zu analysieren und wertvolle Erkenntnisse zu gewinnen. Besonders hervorzuheben ist der Fokus auf Sicherheit und branchenspezifische Anwendungen, was die IBM Cloud zu einer idealen Lösung für Unternehmen mit hohen Sicherheitsanforderungen macht [3].

### Google Cloud Platform (GCP)

Die Google Cloud Platform (GCP) hat sich insbesondere in der Datenanalyse einen Namen gemacht. Mit leistungsstarken Tools wie BigQuery können Unternehmen Daten in großem Umfang analysieren und verwalten. Die hohe Skalierbarkeit und globale Verfügbarkeit der GCP bieten einen signifikanten Vorteil, insbesondere für Unternehmen, die eine flexible und zuverlässige Cloud-Lösung benötigen. Darüber hinaus nutzt die GCP umfassende Funktionen im Bereich der Künstlichen Intelligenz (KI) und des Machine Learning (ML), insbesondere durch die Integration von TensorFlow, was sie für Entwickler von KI-Anwendungen sehr attraktiv macht [4].

### Allgemeine Trends

Neben den spezifischen Stärken der einzelnen Cloud-Anbieter sind auch allgemeine Trends in der Cloud-Technologie zu beobachten. Die zunehmende Bedeutung von Künstlicher Intelligenz und Machine Learning in Cloud-Diensten manifestiert sich in den Angeboten vieler Anbieter. Unternehmen setzen vermehrt auf Hybrid-Cloud-Strategien, um lokale und Cloud-Ressourcen effizient zu kombinieren. Der Fokus auf Sicherheit und Compliance gewinnt speziell in regulierten Branchen an Bedeutung, da Unternehmen zunehmend strengen Auflagen gerecht werden müssen, um ihre Daten zu schützen und gesetzlichen Anforderungen zu entsprechen.

Insgesamt lässt sich feststellen, dass die Innovationsgeschwindigkeit und technologischen Fortschritte in der Cloud-Computing-Branche stetig ansteigen. Anbieter müssen sich kontinuierlich anpassen und weiterentwickeln, um konkurrenzfähig zu bleiben und den Bedürfnissen ihrer Kunden gerecht zu werden.","[(0, 'AWS.md'), (1, 'Azure.md'), (2, 'IBM.md'), (3, 'Google.md')]"
